Id,OwnerId
00QKj00002FhcR1MAJ,005Kj00000Dy5f2IAB
00QKj00002FhcR0MAJ,005Kj00000Dy5fsIAB
00QKj00002FhcR3MAJ,005Kj00000Dy5etIAB
00QKj00002FhcR4MAJ,005Kj00000Dy5foIAB
00QKj00002FhcR5MAJ,005Kj00000Dy5ftIAB
00QKj00002FhcR6MAJ,005Kj00000Dy5f3IAB
00QKj00002FhcR7MAJ,005Kj00000Dy5fbIAB
00QKj00002FhcR8MAJ,005Kj00000Dy5e4IAB
00QKj00002FhcR9MAJ,005Kj00000Dy5g7IAB
00QKj00002FhcRAMAZ,005Kj00000Dy5fqIAB
00QKj00002FhcRBMAZ,005Kj00000Dy5fuIAB
00QKj00002FhcRCMAZ,005Kj00000Dy5g6IAB
00QKj00002FhcRDMAZ,005Kj00000Dy5fvIAB
00QKj00002FhcREMAZ,005Kj00000Dy5g3IAB
00QKj00002FhcRFMAZ,005Kj00000Dy5fwIAB
00QKj00002FhcRGMAZ,005Kj00000Dy5egIAB
00QKj00002FhcRHMAZ,005Kj00000Dy5fxIAB
00QKj00002FhcRIMAZ,005Kj00000Dy5g4IAB
00QKj00002FhcRJMAZ,005Kj00000Dy5f1IAB
00QKj00002FhcRKMAZ,005Kj00000Dy5g2IAB
00QKj00002FhcRLMAZ,005Kj00000Dy5fyIAB
00QKj00002FhcRMMAZ,005Kj00000Dy5frIAB
00QKj00002FhcRNMAZ,005Kj00000Dy5fzIAB
00QKj00002FhcROMAZ,005Kj00000Dy5g0IAB
00QKj00002FhcRPMAZ,005Kj00000Dy5g1IAB
00QKj00002FhcRQMAZ,005Kj00000Dy5ewIAB
00QKj00002FhcRRMAZ,005Kj00000Dy5eDIAR
00QKj00002FhcRSMAZ,005Kj00000Dy5g5IAB
00QKj00002FhcRTMAZ,005Kj00000Dy5eAIAR
00QKj00002FhcRUMAZ,005Kj00000Dy5f0IAB
00QKj00002FhcRVMAZ,005Kj00000D7vfMIAR
00QKj00002FhcRWMAZ,005Kj00000Dy5f2IAB
00QKj00002Fhc9GMAR,005Kj00000Dy5fsIAB
00QKj00002Fhc9HMAR,005Kj00000Dy5etIAB
00QKj00002Fhc9IMAR,005Kj00000Dy5foIAB
00QKj00002Fhc9JMAR,005Kj00000Dy5ftIAB
00QKj00002FhcQnMAJ,005Kj00000Dy5f3IAB
00QKj00002FhcQoMAJ,005Kj00000Dy5fbIAB
00QKj00002FhcQpMAJ,005Kj00000Dy5e4IAB
00QKj00002FhcQqMAJ,005Kj00000Dy5g7IAB
00QKj00002FhcQrMAJ,005Kj00000Dy5fqIAB
00QKj00002FhcQsMAJ,005Kj00000Dy5fuIAB
00QKj00002FhcQtMAJ,005Kj00000Dy5g6IAB
00QKj00002FhcQuMAJ,005Kj00000Dy5fvIAB
00QKj00002FhcQvMAJ,005Kj00000Dy5g3IAB
00QKj00002FhcQwMAJ,005Kj00000Dy5fwIAB
00QKj00002FhcQxMAJ,005Kj00000Dy5egIAB
00QKj00002FhcQyMAJ,005Kj00000Dy5fxIAB
00QKj00002FhcQzMAJ,005Kj00000Dy5g4IAB
00QKj00002FhcR2MAJ,005Kj00000Dy5f1IAB
00QKj00002FhcPzMAJ,005Kj00000Dy5g2IAB
00QKj00002FhcQmMAJ,005Kj00000Dy5fyIAB
00QKj00002FhcQ1MAJ,005Kj00000Dy5frIAB
00QKj00002FhcQ2MAJ,005Kj00000Dy5fzIAB
00QKj00002FhcQ3MAJ,005Kj00000Dy5g0IAB
00QKj00002FhcQ4MAJ,005Kj00000Dy5g1IAB
00QKj00002FhcQ5MAJ,005Kj00000Dy5ewIAB
00QKj00002FhcQ6MAJ,005Kj00000Dy5eDIAR
00QKj00002FhcQ7MAJ,005Kj00000Dy5g5IAB
00QKj00002FhcQ8MAJ,005Kj00000Dy5eAIAR
00QKj00002FhcQ9MAJ,005Kj00000Dy5f0IAB
00QKj00002FhcQAMAZ,005Kj00000D7vfMIAR
00QKj00002FhcQBMAZ,005Kj00000Dy5f2IAB
00QKj00002FhcQCMAZ,005Kj00000Dy5fsIAB
00QKj00002FhcQDMAZ,005Kj00000Dy5etIAB
00QKj00002FhcQEMAZ,005Kj00000Dy5foIAB
00QKj00002FhcQFMAZ,005Kj00000Dy5ftIAB
00QKj00002FhcQGMAZ,005Kj00000Dy5f3IAB
00QKj00002FhcQHMAZ,005Kj00000Dy5fbIAB
00QKj00002FhcQIMAZ,005Kj00000Dy5e4IAB
00QKj00002FhcQJMAZ,005Kj00000Dy5g7IAB
00QKj00002FhcQKMAZ,005Kj00000Dy5fqIAB
00QKj00002FhcQLMAZ,005Kj00000Dy5fuIAB
00QKj00002FhcQMMAZ,005Kj00000Dy5g6IAB
00QKj00002FhcQNMAZ,005Kj00000Dy5fvIAB
00QKj00002FhcQOMAZ,005Kj00000Dy5g3IAB
00QKj00002FhcQPMAZ,005Kj00000Dy5fwIAB
00QKj00002FhcQQMAZ,005Kj00000Dy5egIAB
00QKj00002FhcQRMAZ,005Kj00000Dy5fxIAB
00QKj00002FhcQSMAZ,005Kj00000Dy5g4IAB
00QKj00002FhcQTMAZ,005Kj00000Dy5f1IAB
00QKj00002FhcQUMAZ,005Kj00000Dy5g2IAB
00QKj00002FhcQVMAZ,005Kj00000Dy5fyIAB
00QKj00002FhcQWMAZ,005Kj00000Dy5frIAB
00QKj00002FhcQXMAZ,005Kj00000Dy5fzIAB
00QKj00002FhcQYMAZ,005Kj00000Dy5g0IAB
00QKj00002FhcQZMAZ,005Kj00000Dy5g1IAB
00QKj00002FhcQaMAJ,005Kj00000Dy5ewIAB
00QKj00002FhcQbMAJ,005Kj00000Dy5eDIAR
00QKj00002FhcQcMAJ,005Kj00000Dy5g5IAB
00QKj00002FhcQdMAJ,005Kj00000Dy5eAIAR
00QKj00002FhcQeMAJ,005Kj00000Dy5f0IAB
00QKj00002FhcQfMAJ,005Kj00000D7vfMIAR
00QKj00002FhcQgMAJ,005Kj00000Dy5f2IAB
00QKj00002FhcQhMAJ,005Kj00000Dy5fsIAB
00QKj00002FhcQiMAJ,005Kj00000Dy5etIAB
00QKj00002FhcQjMAJ,005Kj00000Dy5foIAB
00QKj00002FhcQkMAJ,005Kj00000Dy5ftIAB
00QKj00002FhcQlMAJ,005Kj00000Dy5f3IAB
00QKj00002FhcQ0MAJ,005Kj00000Dy5fbIAB
00QKj00002FhcOiMAJ,005Kj00000Dy5e4IAB
00QKj00002FhcOhMAJ,005Kj00000Dy5g7IAB
00QKj00002FhcOkMAJ,005Kj00000Dy5fqIAB
00QKj00002FhcOlMAJ,005Kj00000Dy5fuIAB
00QKj00002FhcOmMAJ,005Kj00000Dy5g6IAB
00QKj00002FhcOnMAJ,005Kj00000Dy5fvIAB
00QKj00002FhcOoMAJ,005Kj00000Dy5g3IAB
00QKj00002FhcOpMAJ,005Kj00000Dy5fwIAB
00QKj00002FhcOqMAJ,005Kj00000Dy5egIAB
00QKj00002FhcOrMAJ,005Kj00000Dy5fxIAB
00QKj00002FhcOsMAJ,005Kj00000Dy5g4IAB
00QKj00002FhcOtMAJ,005Kj00000Dy5f1IAB
00QKj00002FhcOuMAJ,005Kj00000Dy5g2IAB
00QKj00002FhcOvMAJ,005Kj00000Dy5fyIAB
00QKj00002FhcOwMAJ,005Kj00000Dy5frIAB
00QKj00002FhcOxMAJ,005Kj00000Dy5fzIAB
00QKj00002FhcOyMAJ,005Kj00000Dy5g0IAB
00QKj00002FhcOzMAJ,005Kj00000Dy5g1IAB
00QKj00002FhcP0MAJ,005Kj00000Dy5ewIAB
00QKj00002FhcP1MAJ,005Kj00000Dy5eDIAR
00QKj00002FhcP2MAJ,005Kj00000Dy5g5IAB
00QKj00002FhcP3MAJ,005Kj00000Dy5eAIAR
00QKj00002FhcP4MAJ,005Kj00000Dy5f0IAB
00QKj00002FhcP5MAJ,005Kj00000D7vfMIAR
00QKj00002FhcP6MAJ,005Kj00000Dy5f2IAB
00QKj00002FhcP7MAJ,005Kj00000Dy5fsIAB
00QKj00002FhcP8MAJ,005Kj00000Dy5etIAB
00QKj00002FhcP9MAJ,005Kj00000Dy5foIAB
00QKj00002FhcPAMAZ,005Kj00000Dy5ftIAB
00QKj00002FhcPBMAZ,005Kj00000Dy5f3IAB
00QKj00002FhcOOMAZ,005Kj00000Dy5fbIAB
00QKj00002FhcOPMAZ,005Kj00000Dy5e4IAB
00QKj00002FhcOQMAZ,005Kj00000Dy5g7IAB
00QKj00002FhcORMAZ,005Kj00000Dy5fqIAB
00QKj00002FhcOSMAZ,005Kj00000Dy5fuIAB
00QKj00002FhcOTMAZ,005Kj00000Dy5g6IAB
00QKj00002FhcOUMAZ,005Kj00000Dy5fvIAB
00QKj00002FhcOVMAZ,005Kj00000Dy5g3IAB
00QKj00002FhcOWMAZ,005Kj00000Dy5fwIAB
00QKj00002FhcOXMAZ,005Kj00000Dy5egIAB
00QKj00002FhcOYMAZ,005Kj00000Dy5fxIAB
00QKj00002FhcOZMAZ,005Kj00000Dy5g4IAB
00QKj00002FhcOaMAJ,005Kj00000Dy5f1IAB
00QKj00002FhcObMAJ,005Kj00000Dy5g2IAB
00QKj00002FhcOcMAJ,005Kj00000Dy5fyIAB
00QKj00002FhcOdMAJ,005Kj00000Dy5frIAB
00QKj00002FhcOeMAJ,005Kj00000Dy5fzIAB
00QKj00002FhcOfMAJ,005Kj00000Dy5g0IAB
00QKj00002FhcOgMAJ,005Kj00000Dy5g1IAB
00QKj00002FhcOjMAJ,005Kj00000Dy5ewIAB
00QKj00002FhcOGMAZ,005Kj00000Dy5eDIAR
00QKj00002FhcOFMAZ,005Kj00000Dy5g5IAB
00QKj00002FhcOIMAZ,005Kj00000Dy5eAIAR
00QKj00002FhcOJMAZ,005Kj00000Dy5f0IAB
00QKj00002FhcOKMAZ,005Kj00000D7vfMIAR
00QKj00002FhcOLMAZ,005Kj00000Dy5f2IAB
00QKj00002FhcOMMAZ,005Kj00000Dy5fsIAB
00QKj00002FhcONMAZ,005Kj00000Dy5etIAB
00QKj00002FhcNaMAJ,005Kj00000Dy5foIAB
00QKj00002FhcNbMAJ,005Kj00000Dy5ftIAB
00QKj00002FhcNcMAJ,005Kj00000Dy5f3IAB
00QKj00002FhcNdMAJ,005Kj00000Dy5fbIAB
00QKj00002FhcNeMAJ,005Kj00000Dy5e4IAB
00QKj00002FhcNfMAJ,005Kj00000Dy5g7IAB
00QKj00002FhcNgMAJ,005Kj00000Dy5fqIAB
00QKj00002FhcNhMAJ,005Kj00000Dy5fuIAB
00QKj00002FhcNiMAJ,005Kj00000Dy5g6IAB
00QKj00002FhcNjMAJ,005Kj00000Dy5fvIAB
00QKj00002FhcNkMAJ,005Kj00000Dy5g3IAB
00QKj00002FhcNlMAJ,005Kj00000Dy5fwIAB
00QKj00002FhcNmMAJ,005Kj00000Dy5egIAB
00QKj00002FhcNnMAJ,005Kj00000Dy5fxIAB
00QKj00002FhcNoMAJ,005Kj00000Dy5g4IAB
00QKj00002FhcNpMAJ,005Kj00000Dy5f1IAB
00QKj00002FhcNqMAJ,005Kj00000Dy5g2IAB
00QKj00002FhcNrMAJ,005Kj00000Dy5fyIAB
00QKj00002FhcNsMAJ,005Kj00000Dy5frIAB
00QKj00002FhcNtMAJ,005Kj00000Dy5fzIAB
00QKj00002FhcNuMAJ,005Kj00000Dy5g0IAB
00QKj00002FhcNvMAJ,005Kj00000Dy5g1IAB
00QKj00002FhcNwMAJ,005Kj00000Dy5ewIAB
00QKj00002FhcNxMAJ,005Kj00000Dy5eDIAR
00QKj00002FhcNyMAJ,005Kj00000Dy5g5IAB
00QKj00002FhcNzMAJ,005Kj00000Dy5eAIAR
00QKj00002FhcO0MAJ,005Kj00000Dy5f0IAB
00QKj00002FhcO1MAJ,005Kj00000D7vfMIAR
00QKj00002FhcO2MAJ,005Kj00000Dy5f2IAB
00QKj00002FhcO3MAJ,005Kj00000Dy5fsIAB
00QKj00002FhcO4MAJ,005Kj00000Dy5etIAB
00QKj00002FhcO5MAJ,005Kj00000Dy5foIAB
00QKj00002FhcO6MAJ,005Kj00000Dy5ftIAB
00QKj00002FhcO7MAJ,005Kj00000Dy5f3IAB
00QKj00002FhcO8MAJ,005Kj00000Dy5fbIAB
00QKj00002FhcO9MAJ,005Kj00000Dy5e4IAB
00QKj00002FhcOAMAZ,005Kj00000Dy5g7IAB
00QKj00002FhcOBMAZ,005Kj00000Dy5fqIAB
00QKj00002FhcOCMAZ,005Kj00000Dy5fuIAB
00QKj00002FhcODMAZ,005Kj00000Dy5g6IAB
00QKj00002FhcOEMAZ,005Kj00000Dy5fvIAB
00QKj00002FhcOHMAZ,005Kj00000Dy5g3IAB
00QKj00002FhcNOMAZ,005Kj00000Dy5fwIAB
00QKj00002FhcNPMAZ,005Kj00000Dy5egIAB
00QKj00002FhcNQMAZ,005Kj00000Dy5fxIAB
00QKj00002FhcNRMAZ,005Kj00000Dy5g4IAB
00QKj00002FhcNSMAZ,005Kj00000Dy5f1IAB
00QKj00002FhcNTMAZ,005Kj00000Dy5g2IAB
00QKj00002FhcNUMAZ,005Kj00000Dy5fyIAB
00QKj00002FhcNVMAZ,005Kj00000Dy5frIAB
00QKj00002FhcNWMAZ,005Kj00000Dy5fzIAB
00QKj00002FhcNXMAZ,005Kj00000Dy5g0IAB
00QKj00002FhcNYMAZ,005Kj00000Dy5g1IAB
00QKj00002FhcNZMAZ,005Kj00000Dy5ewIAB
00QKj00002FhcMmMAJ,005Kj00000Dy5eDIAR
00QKj00002FhcMnMAJ,005Kj00000Dy5g5IAB
00QKj00002FhcMoMAJ,005Kj00000Dy5eAIAR
00QKj00002FhcMpMAJ,005Kj00000Dy5f0IAB
00QKj00002FhcMqMAJ,005Kj00000D7vfMIAR
00QKj00002FhcMrMAJ,005Kj00000Dy5f2IAB
00QKj00002FhcMsMAJ,005Kj00000Dy5fsIAB
00QKj00002FhcMtMAJ,005Kj00000Dy5etIAB
00QKj00002FhcMuMAJ,005Kj00000Dy5foIAB
00QKj00002FhcMvMAJ,005Kj00000Dy5ftIAB
00QKj00002FhcMwMAJ,005Kj00000Dy5f3IAB
00QKj00002FhcMxMAJ,005Kj00000Dy5fbIAB
00QKj00002FhcMyMAJ,005Kj00000Dy5e4IAB
00QKj00002FhcMzMAJ,005Kj00000Dy5g7IAB
00QKj00002FhcN0MAJ,005Kj00000Dy5fqIAB
00QKj00002FhcN1MAJ,005Kj00000Dy5fuIAB
00QKj00002FhcN2MAJ,005Kj00000Dy5g6IAB
00QKj00002FhcN3MAJ,005Kj00000Dy5fvIAB
00QKj00002FhcN4MAJ,005Kj00000Dy5g3IAB
00QKj00002FhcN5MAJ,005Kj00000Dy5fwIAB
00QKj00002FhcN6MAJ,005Kj00000Dy5egIAB
00QKj00002FhcN7MAJ,005Kj00000Dy5fxIAB
00QKj00002FhcN8MAJ,005Kj00000Dy5g4IAB
00QKj00002FhcN9MAJ,005Kj00000Dy5f1IAB
00QKj00002FhcNAMAZ,005Kj00000Dy5g2IAB
00QKj00002FhcNBMAZ,005Kj00000Dy5fyIAB
00QKj00002FhcNCMAZ,005Kj00000Dy5frIAB
00QKj00002FhcNDMAZ,005Kj00000Dy5fzIAB
00QKj00002FhcNEMAZ,005Kj00000Dy5g0IAB
00QKj00002FhcNFMAZ,005Kj00000Dy5g1IAB
00QKj00002FhcNGMAZ,005Kj00000Dy5ewIAB
00QKj00002FhcNHMAZ,005Kj00000Dy5eDIAR
00QKj00002FhcNIMAZ,005Kj00000Dy5g5IAB
00QKj00002FhcNJMAZ,005Kj00000Dy5eAIAR
00QKj00002FhcNKMAZ,005Kj00000Dy5f0IAB
00QKj00002FhcNLMAZ,005Kj00000D7vfMIAR
00QKj00002FhcNMMAZ,005Kj00000Dy5f2IAB
00QKj00002FhcNNMAZ,005Kj00000Dy5fsIAB
00QKj00002FhcMQMAZ,005Kj00000Dy5etIAB
00QKj00002FhcMPMAZ,005Kj00000Dy5foIAB
00QKj00002FhcMSMAZ,005Kj00000Dy5ftIAB
00QKj00002FhcMTMAZ,005Kj00000Dy5f3IAB
00QKj00002FhcMUMAZ,005Kj00000Dy5fbIAB
00QKj00002FhcMVMAZ,005Kj00000Dy5e4IAB
00QKj00002FhcMWMAZ,005Kj00000Dy5g7IAB
00QKj00002FhcMXMAZ,005Kj00000Dy5fqIAB
00QKj00002FhcMYMAZ,005Kj00000Dy5fuIAB
00QKj00002FhcMZMAZ,005Kj00000Dy5g6IAB
00QKj00002FhcMaMAJ,005Kj00000Dy5fvIAB
00QKj00002FhcMbMAJ,005Kj00000Dy5g3IAB
00QKj00002FhcMcMAJ,005Kj00000Dy5fwIAB
00QKj00002FhcMdMAJ,005Kj00000Dy5egIAB
00QKj00002FhcMeMAJ,005Kj00000Dy5fxIAB
00QKj00002FhcMfMAJ,005Kj00000Dy5g4IAB
00QKj00002FhcMgMAJ,005Kj00000Dy5f1IAB
00QKj00002FhcMhMAJ,005Kj00000Dy5g2IAB
00QKj00002FhcMiMAJ,005Kj00000Dy5fyIAB
00QKj00002FhcMjMAJ,005Kj00000Dy5frIAB
00QKj00002FhcMkMAJ,005Kj00000Dy5fzIAB
00QKj00002FhcMlMAJ,005Kj00000Dy5g0IAB
00QKj00002FhcLyMAJ,005Kj00000Dy5g1IAB
00QKj00002FhcLzMAJ,005Kj00000Dy5ewIAB
00QKj00002FhcM0MAJ,005Kj00000Dy5eDIAR
00QKj00002FhcM1MAJ,005Kj00000Dy5g5IAB
00QKj00002FhcM2MAJ,005Kj00000Dy5eAIAR
00QKj00002FhcM3MAJ,005Kj00000Dy5f0IAB
00QKj00002FhcM4MAJ,005Kj00000D7vfMIAR
00QKj00002FhcM5MAJ,005Kj00000Dy5f2IAB
00QKj00002FhcM6MAJ,005Kj00000Dy5fsIAB
00QKj00002FhcM7MAJ,005Kj00000Dy5etIAB
00QKj00002FhcM8MAJ,005Kj00000Dy5foIAB
00QKj00002FhcM9MAJ,005Kj00000Dy5ftIAB
00QKj00002FhcMAMAZ,005Kj00000Dy5f3IAB
00QKj00002FhcMBMAZ,005Kj00000Dy5fbIAB
00QKj00002FhcMCMAZ,005Kj00000Dy5e4IAB
00QKj00002FhcMDMAZ,005Kj00000Dy5g7IAB
00QKj00002FhcMEMAZ,005Kj00000Dy5fqIAB
00QKj00002FhcMFMAZ,005Kj00000Dy5fuIAB
00QKj00002FhcMGMAZ,005Kj00000Dy5g6IAB
00QKj00002FhcMHMAZ,005Kj00000Dy5fvIAB
00QKj00002FhcMIMAZ,005Kj00000Dy5g3IAB
00QKj00002FhcMJMAZ,005Kj00000Dy5fwIAB
00QKj00002FhcMKMAZ,005Kj00000Dy5egIAB
00QKj00002FhcMLMAZ,005Kj00000Dy5fxIAB
00QKj00002FhcMMMAZ,005Kj00000Dy5g4IAB
00QKj00002FhcMNMAZ,005Kj00000Dy5f1IAB
00QKj00002FhcMOMAZ,005Kj00000Dy5g2IAB
00QKj00002FhcMRMAZ,005Kj00000Dy5fyIAB
00QKj00002FhcKbMAJ,005Kj00000Dy5frIAB
00QKj00002FhcKaMAJ,005Kj00000Dy5fzIAB
00QKj00002FhcKdMAJ,005Kj00000Dy5g0IAB
00QKj00002FhcKeMAJ,005Kj00000Dy5g1IAB
00QKj00002FhcKfMAJ,005Kj00000Dy5ewIAB
00QKj00002FhcKgMAJ,005Kj00000Dy5eDIAR
00QKj00002FhcKhMAJ,005Kj00000Dy5g5IAB
00QKj00002FhcKiMAJ,005Kj00000Dy5eAIAR
00QKj00002FhcKjMAJ,005Kj00000Dy5f0IAB
00QKj00002FhcKkMAJ,005Kj00000D7vfMIAR
00QKj00002FhcKlMAJ,005Kj00000Dy5f2IAB
00QKj00002FhcKmMAJ,005Kj00000Dy5fsIAB
00QKj00002FhcKnMAJ,005Kj00000Dy5etIAB
00QKj00002FhcKoMAJ,005Kj00000Dy5foIAB
00QKj00002FhcKpMAJ,005Kj00000Dy5ftIAB
00QKj00002FhcKqMAJ,005Kj00000Dy5f3IAB
00QKj00002FhcKrMAJ,005Kj00000Dy5fbIAB
00QKj00002FhcKsMAJ,005Kj00000Dy5e4IAB
00QKj00002FhcKtMAJ,005Kj00000Dy5g7IAB
00QKj00002FhcKuMAJ,005Kj00000Dy5fqIAB
00QKj00002FhcKvMAJ,005Kj00000Dy5fuIAB
00QKj00002FhcKwMAJ,005Kj00000Dy5g6IAB
00QKj00002FhcKxMAJ,005Kj00000Dy5fvIAB
00QKj00002FhcKyMAJ,005Kj00000Dy5g3IAB
00QKj00002FhcKzMAJ,005Kj00000Dy5fwIAB
00QKj00002FhcL0MAJ,005Kj00000Dy5egIAB
00QKj00002FhcL1MAJ,005Kj00000Dy5fxIAB
00QKj00002FhcL2MAJ,005Kj00000Dy5g4IAB
00QKj00002FhcL3MAJ,005Kj00000Dy5f1IAB
00QKj00002FhcL4MAJ,005Kj00000Dy5g2IAB
00QKj00002FhcL5MAJ,005Kj00000Dy5fyIAB
00QKj00002FhcL6MAJ,005Kj00000Dy5frIAB
00QKj00002FhcL7MAJ,005Kj00000Dy5fzIAB
00QKj00002FhcL8MAJ,005Kj00000Dy5g0IAB
00QKj00002FhcL9MAJ,005Kj00000Dy5g1IAB
00QKj00002FhcLAMAZ,005Kj00000Dy5ewIAB
00QKj00002FhcKNMAZ,005Kj00000Dy5eDIAR
00QKj00002FhcKOMAZ,005Kj00000Dy5g5IAB
00QKj00002FhcKPMAZ,005Kj00000Dy5eAIAR
00QKj00002FhcKQMAZ,005Kj00000Dy5f0IAB
00QKj00002FhcKRMAZ,005Kj00000D7vfMIAR
00QKj00002FhcKSMAZ,005Kj00000Dy5f2IAB
00QKj00002FhcKTMAZ,005Kj00000Dy5fsIAB
00QKj00002FhcKUMAZ,005Kj00000Dy5etIAB
00QKj00002FhcKVMAZ,005Kj00000Dy5foIAB
00QKj00002FhcKWMAZ,005Kj00000Dy5ftIAB
00QKj00002FhcKXMAZ,005Kj00000Dy5f3IAB
00QKj00002FhcKYMAZ,005Kj00000Dy5fbIAB
00QKj00002FhcKZMAZ,005Kj00000Dy5e4IAB
00QKj00002FhcKcMAJ,005Kj00000Dy5g7IAB
00QKj00002FhcJZMAZ,005Kj00000Dy5fqIAB
00QKj00002FhcKMMAZ,005Kj00000Dy5fuIAB
00QKj00002FhcJbMAJ,005Kj00000Dy5g6IAB
00QKj00002FhcJcMAJ,005Kj00000Dy5fvIAB
00QKj00002FhcJdMAJ,005Kj00000Dy5g3IAB
00QKj00002FhcJeMAJ,005Kj00000Dy5fwIAB
00QKj00002FhcJfMAJ,005Kj00000Dy5egIAB
00QKj00002FhcJgMAJ,005Kj00000Dy5fxIAB
00QKj00002FhcJhMAJ,005Kj00000Dy5g4IAB
00QKj00002FhcJiMAJ,005Kj00000Dy5f1IAB
00QKj00002FhcJjMAJ,005Kj00000Dy5g2IAB
00QKj00002FhcJkMAJ,005Kj00000Dy5fyIAB
00QKj00002FhcJlMAJ,005Kj00000Dy5frIAB
00QKj00002FhcJmMAJ,005Kj00000Dy5fzIAB
00QKj00002FhcJnMAJ,005Kj00000Dy5g0IAB
00QKj00002FhcJoMAJ,005Kj00000Dy5g1IAB
00QKj00002FhcJpMAJ,005Kj00000Dy5ewIAB
00QKj00002FhcJqMAJ,005Kj00000Dy5eDIAR
00QKj00002FhcJrMAJ,005Kj00000Dy5g5IAB
00QKj00002FhcJsMAJ,005Kj00000Dy5eAIAR
00QKj00002FhcJtMAJ,005Kj00000Dy5f0IAB
00QKj00002FhcJuMAJ,005Kj00000D7vfMIAR
00QKj00002FhcJvMAJ,005Kj00000Dy5f2IAB
00QKj00002FhcJwMAJ,005Kj00000Dy5fsIAB
00QKj00002FhcJxMAJ,005Kj00000Dy5etIAB
00QKj00002FhcJyMAJ,005Kj00000Dy5foIAB
00QKj00002FhcJzMAJ,005Kj00000Dy5ftIAB
00QKj00002FhcK0MAJ,005Kj00000Dy5f3IAB
00QKj00002FhcK1MAJ,005Kj00000Dy5fbIAB
00QKj00002FhcK2MAJ,005Kj00000Dy5e4IAB
00QKj00002FhcK3MAJ,005Kj00000Dy5g7IAB
00QKj00002FhcK4MAJ,005Kj00000Dy5fqIAB
00QKj00002FhcK5MAJ,005Kj00000Dy5fuIAB
00QKj00002FhcK6MAJ,005Kj00000Dy5g6IAB
00QKj00002FhcK7MAJ,005Kj00000Dy5fvIAB
00QKj00002FhcK8MAJ,005Kj00000Dy5g3IAB
00QKj00002FhcK9MAJ,005Kj00000Dy5fwIAB
00QKj00002FhcKAMAZ,005Kj00000Dy5egIAB
00QKj00002FhcKBMAZ,005Kj00000Dy5fxIAB
00QKj00002FhcKCMAZ,005Kj00000Dy5g4IAB
00QKj00002FhcKDMAZ,005Kj00000Dy5f1IAB
00QKj00002FhcKEMAZ,005Kj00000Dy5g2IAB
00QKj00002FhcKFMAZ,005Kj00000Dy5fyIAB
00QKj00002FhcKGMAZ,005Kj00000Dy5frIAB
00QKj00002FhcKHMAZ,005Kj00000Dy5fzIAB
00QKj00002FhcKIMAZ,005Kj00000Dy5g0IAB
00QKj00002FhcKJMAZ,005Kj00000Dy5g1IAB
00QKj00002FhcKKMAZ,005Kj00000Dy5ewIAB
00QKj00002FhcKLMAZ,005Kj00000Dy5eDIAR
00QKj00002FhcJaMAJ,005Kj00000Dy5g5IAB
00QKj00002FhcItMAJ,005Kj00000Dy5eAIAR
00QKj00002FhcIuMAJ,005Kj00000Dy5f0IAB
00QKj00002FhcIvMAJ,005Kj00000D7vfMIAR
00QKj00002FhcIwMAJ,005Kj00000Dy5f2IAB
00QKj00002FhcIxMAJ,005Kj00000Dy5fsIAB
00QKj00002FhcIyMAJ,005Kj00000Dy5etIAB
00QKj00002FhcIzMAJ,005Kj00000Dy5foIAB
00QKj00002FhcJ0MAJ,005Kj00000Dy5ftIAB
00QKj00002FhcJ1MAJ,005Kj00000Dy5f3IAB
00QKj00002FhcJ2MAJ,005Kj00000Dy5fbIAB
00QKj00002FhcJ3MAJ,005Kj00000Dy5e4IAB
00QKj00002FhcJ4MAJ,005Kj00000Dy5g7IAB
00QKj00002FhcJ5MAJ,005Kj00000Dy5fqIAB
00QKj00002FhcJPMAZ,005Kj00000Dy5fuIAB
00QKj00002FhcJQMAZ,005Kj00000Dy5g6IAB
00QKj00002FhcJRMAZ,005Kj00000Dy5fvIAB
00QKj00002FhcJSMAZ,005Kj00000Dy5g3IAB
00QKj00002FhcJTMAZ,005Kj00000Dy5fwIAB
00QKj00002FhcJUMAZ,005Kj00000Dy5egIAB
00QKj00002FhcJVMAZ,005Kj00000Dy5fxIAB
00QKj00002FhcJWMAZ,005Kj00000Dy5g4IAB
00QKj00002FhcJXMAZ,005Kj00000Dy5f1IAB
00QKj00002FhcJYMAZ,005Kj00000Dy5g2IAB
00QKj00002FhcJ6MAJ,005Kj00000Dy5fyIAB
00QKj00002FhcJ7MAJ,005Kj00000Dy5frIAB
00QKj00002FhcJ8MAJ,005Kj00000Dy5fzIAB
00QKj00002FhcJ9MAJ,005Kj00000Dy5g0IAB
00QKj00002FhcJAMAZ,005Kj00000Dy5g1IAB
00QKj00002FhcJBMAZ,005Kj00000Dy5ewIAB
00QKj00002FhcJCMAZ,005Kj00000Dy5eDIAR
00QKj00002FhcJDMAZ,005Kj00000Dy5g5IAB
00QKj00002FhcJEMAZ,005Kj00000Dy5eAIAR
00QKj00002FhcJFMAZ,005Kj00000Dy5f0IAB
00QKj00002FhcJGMAZ,005Kj00000D7vfMIAR
00QKj00002FhcJHMAZ,005Kj00000Dy5f2IAB
00QKj00002FhcJIMAZ,005Kj00000Dy5fsIAB
00QKj00002FhcJJMAZ,005Kj00000Dy5etIAB
00QKj00002FhcJKMAZ,005Kj00000Dy5foIAB
00QKj00002FhcJLMAZ,005Kj00000Dy5ftIAB
00QKj00002FhcJMMAZ,005Kj00000Dy5f3IAB
00QKj00002FhcJNMAZ,005Kj00000Dy5fbIAB
00QKj00002FhcJOMAZ,005Kj00000Dy5e4IAB
00QKj00002FhcIlMAJ,005Kj00000Dy5g7IAB
00QKj00002FhcImMAJ,005Kj00000Dy5fqIAB
00QKj00002FhcInMAJ,005Kj00000Dy5fuIAB
00QKj00002FhcIoMAJ,005Kj00000Dy5g6IAB
00QKj00002FhcIpMAJ,005Kj00000Dy5fvIAB
00QKj00002FhcIqMAJ,005Kj00000Dy5g3IAB
00QKj00002FhcIrMAJ,005Kj00000Dy5fwIAB
00QKj00002FhcIsMAJ,005Kj00000Dy5egIAB
00QKj00002FhcICMAZ,005Kj00000Dy5fxIAB
00QKj00002FhcIDMAZ,005Kj00000Dy5g4IAB
00QKj00002FhcIEMAZ,005Kj00000Dy5f1IAB
00QKj00002FhcIFMAZ,005Kj00000Dy5g2IAB
00QKj00002FhcIGMAZ,005Kj00000Dy5fyIAB
00QKj00002FhcIHMAZ,005Kj00000Dy5frIAB
00QKj00002FhcIIMAZ,005Kj00000Dy5fzIAB
00QKj00002FhcIJMAZ,005Kj00000Dy5g0IAB
00QKj00002FhcIKMAZ,005Kj00000Dy5g1IAB
00QKj00002FhcILMAZ,005Kj00000Dy5ewIAB
00QKj00002FhcIMMAZ,005Kj00000Dy5eDIAR
00QKj00002FhcINMAZ,005Kj00000Dy5g5IAB
00QKj00002FhcIOMAZ,005Kj00000Dy5eAIAR
00QKj00002FhcIPMAZ,005Kj00000Dy5f0IAB
00QKj00002FhcIQMAZ,005Kj00000D7vfMIAR
00QKj00002FhcIRMAZ,005Kj00000Dy5f2IAB
00QKj00002FhcISMAZ,005Kj00000Dy5fsIAB
00QKj00002FhcITMAZ,005Kj00000Dy5etIAB
00QKj00002FhcIUMAZ,005Kj00000Dy5foIAB
00QKj00002FhcIVMAZ,005Kj00000Dy5ftIAB
00QKj00002FhcIWMAZ,005Kj00000Dy5f3IAB
00QKj00002FhcIXMAZ,005Kj00000Dy5fbIAB
00QKj00002FhcIYMAZ,005Kj00000Dy5e4IAB
00QKj00002FhcIZMAZ,005Kj00000Dy5g7IAB
00QKj00002FhcIaMAJ,005Kj00000Dy5fqIAB
00QKj00002FhcIbMAJ,005Kj00000Dy5fuIAB
00QKj00002FhcIcMAJ,005Kj00000Dy5g6IAB
00QKj00002FhcIdMAJ,005Kj00000Dy5fvIAB
00QKj00002FhcIeMAJ,005Kj00000Dy5g3IAB
00QKj00002FhcIfMAJ,005Kj00000Dy5fwIAB
00QKj00002FhcIgMAJ,005Kj00000Dy5egIAB
00QKj00002FhcIhMAJ,005Kj00000Dy5fxIAB
00QKj00002FhcIiMAJ,005Kj00000Dy5g4IAB
00QKj00002FhcIjMAJ,005Kj00000Dy5f1IAB
00QKj00002FhcIkMAJ,005Kj00000Dy5g2IAB
00QKj00002FhcHxMAJ,005Kj00000Dy5fyIAB
00QKj00002FhcHyMAJ,005Kj00000Dy5frIAB
00QKj00002FhcHzMAJ,005Kj00000Dy5fzIAB
00QKj00002FhcI0MAJ,005Kj00000Dy5g0IAB
00QKj00002FhcI1MAJ,005Kj00000Dy5g1IAB
00QKj00002FhcI2MAJ,005Kj00000Dy5ewIAB
00QKj00002FhcI3MAJ,005Kj00000Dy5eDIAR
00QKj00002FhcI4MAJ,005Kj00000Dy5g5IAB
00QKj00002FhcI5MAJ,005Kj00000Dy5eAIAR
00QKj00002FhcI6MAJ,005Kj00000Dy5f0IAB
00QKj00002FhcI7MAJ,005Kj00000D7vfMIAR
00QKj00002FhcI8MAJ,005Kj00000Dy5f2IAB
00QKj00002FhcI9MAJ,005Kj00000Dy5fsIAB
00QKj00002FhcIAMAZ,005Kj00000Dy5etIAB
00QKj00002FhcIBMAZ,005Kj00000Dy5foIAB
00QKj00002FhcHrMAJ,005Kj00000Dy5ftIAB
00QKj00002FhcHsMAJ,005Kj00000Dy5f3IAB
00QKj00002FhcHtMAJ,005Kj00000Dy5fbIAB
00QKj00002FhcHuMAJ,005Kj00000Dy5e4IAB
00QKj00002FhcHvMAJ,005Kj00000Dy5g7IAB
00QKj00002FhcHwMAJ,005Kj00000Dy5fqIAB
00QKj00002FhcHQMAZ,005Kj00000Dy5fuIAB
00QKj00002FhcHRMAZ,005Kj00000Dy5g6IAB
00QKj00002FhcHSMAZ,005Kj00000Dy5fvIAB
00QKj00002FhcHTMAZ,005Kj00000Dy5g3IAB
00QKj00002FhcHUMAZ,005Kj00000Dy5fwIAB
00QKj00002FhcHVMAZ,005Kj00000Dy5egIAB
00QKj00002FhcHWMAZ,005Kj00000Dy5fxIAB
00QKj00002FhcHXMAZ,005Kj00000Dy5g4IAB
00QKj00002FhcHYMAZ,005Kj00000Dy5f1IAB
00QKj00002FhcHZMAZ,005Kj00000Dy5g2IAB
00QKj00002FhcHaMAJ,005Kj00000Dy5fyIAB
00QKj00002FhcHbMAJ,005Kj00000Dy5frIAB
00QKj00002FhcHcMAJ,005Kj00000Dy5fzIAB
00QKj00002FhcHdMAJ,005Kj00000Dy5g0IAB
00QKj00002FhcHeMAJ,005Kj00000Dy5g1IAB
00QKj00002FhcHfMAJ,005Kj00000Dy5ewIAB
00QKj00002FhcHgMAJ,005Kj00000Dy5eDIAR
00QKj00002FhcHhMAJ,005Kj00000Dy5g5IAB
00QKj00002FhcHiMAJ,005Kj00000Dy5eAIAR
00QKj00002FhcHjMAJ,005Kj00000Dy5f0IAB
00QKj00002FhcHkMAJ,005Kj00000D7vfMIAR
00QKj00002FhcHlMAJ,005Kj00000Dy5f2IAB
00QKj00002FhcHmMAJ,005Kj00000Dy5fsIAB
00QKj00002FhcHnMAJ,005Kj00000Dy5etIAB
00QKj00002FhcHoMAJ,005Kj00000Dy5foIAB
00QKj00002FhcHpMAJ,005Kj00000Dy5ftIAB
00QKj00002FhcHqMAJ,005Kj00000Dy5f3IAB
00QKj00002FhcH9MAJ,005Kj00000Dy5fbIAB
00QKj00002FhcHAMAZ,005Kj00000Dy5e4IAB
00QKj00002FhcHBMAZ,005Kj00000Dy5g7IAB
00QKj00002FhcHCMAZ,005Kj00000Dy5fqIAB
00QKj00002FhcHDMAZ,005Kj00000Dy5fuIAB
00QKj00002FhcHEMAZ,005Kj00000Dy5g6IAB
00QKj00002FhcHFMAZ,005Kj00000Dy5fvIAB
00QKj00002FhcHGMAZ,005Kj00000Dy5g3IAB
00QKj00002FhcHHMAZ,005Kj00000Dy5fwIAB
00QKj00002FhcHIMAZ,005Kj00000Dy5egIAB
00QKj00002FhcHJMAZ,005Kj00000Dy5fxIAB
00QKj00002FhcHKMAZ,005Kj00000Dy5g4IAB
00QKj00002FhcHLMAZ,005Kj00000Dy5f1IAB
00QKj00002FhcHMMAZ,005Kj00000Dy5g2IAB
00QKj00002FhcHNMAZ,005Kj00000Dy5fyIAB
00QKj00002FhcHOMAZ,005Kj00000Dy5frIAB
00QKj00002FhcHPMAZ,005Kj00000Dy5fzIAB
00QKj00002FhcGOMAZ,005Kj00000Dy5g0IAB
00QKj00002FhcGPMAZ,005Kj00000Dy5g1IAB
00QKj00002FhcGQMAZ,005Kj00000Dy5ewIAB
00QKj00002FhcGRMAZ,005Kj00000Dy5eDIAR
00QKj00002FhcGSMAZ,005Kj00000Dy5g5IAB
00QKj00002FhcGTMAZ,005Kj00000Dy5eAIAR
00QKj00002FhcGUMAZ,005Kj00000Dy5f0IAB
00QKj00002FhcGVMAZ,005Kj00000D7vfMIAR
00QKj00002FhcGWMAZ,005Kj00000Dy5f2IAB
00QKj00002FhcGXMAZ,005Kj00000Dy5fsIAB
00QKj00002FhcGYMAZ,005Kj00000Dy5etIAB
00QKj00002FhcGZMAZ,005Kj00000Dy5foIAB
00QKj00002FhcGaMAJ,005Kj00000Dy5ftIAB
00QKj00002FhcGbMAJ,005Kj00000Dy5f3IAB
00QKj00002FhcGcMAJ,005Kj00000Dy5fbIAB
00QKj00002FhcGdMAJ,005Kj00000Dy5e4IAB
00QKj00002FhcGeMAJ,005Kj00000Dy5g7IAB
00QKj00002FhcGfMAJ,005Kj00000Dy5fqIAB
00QKj00002FhcGgMAJ,005Kj00000Dy5fuIAB
00QKj00002FhcGhMAJ,005Kj00000Dy5g6IAB
00QKj00002FhcGiMAJ,005Kj00000Dy5fvIAB
00QKj00002FhcGjMAJ,005Kj00000Dy5g3IAB
00QKj00002FhcGkMAJ,005Kj00000Dy5fwIAB
00QKj00002FhcGlMAJ,005Kj00000Dy5egIAB
00QKj00002FhcGmMAJ,005Kj00000Dy5fxIAB
00QKj00002FhcGnMAJ,005Kj00000Dy5g4IAB
00QKj00002FhcGoMAJ,005Kj00000Dy5f1IAB
00QKj00002FhcGpMAJ,005Kj00000Dy5g2IAB
00QKj00002FhcGqMAJ,005Kj00000Dy5fyIAB
00QKj00002FhcGrMAJ,005Kj00000Dy5frIAB
00QKj00002FhcGsMAJ,005Kj00000Dy5fzIAB
00QKj00002FhcGtMAJ,005Kj00000Dy5g0IAB
00QKj00002FhcGuMAJ,005Kj00000Dy5g1IAB
00QKj00002FhcGvMAJ,005Kj00000Dy5ewIAB
00QKj00002FhcGwMAJ,005Kj00000Dy5eDIAR
00QKj00002FhcGxMAJ,005Kj00000Dy5g5IAB
00QKj00002FhcGyMAJ,005Kj00000Dy5eAIAR
00QKj00002FhcGzMAJ,005Kj00000Dy5f0IAB
00QKj00002FhcH0MAJ,005Kj00000D7vfMIAR
00QKj00002FhcH1MAJ,005Kj00000Dy5f2IAB
00QKj00002FhcH2MAJ,005Kj00000Dy5fsIAB
00QKj00002FhcH3MAJ,005Kj00000Dy5etIAB
00QKj00002FhcGGMAZ,005Kj00000Dy5foIAB
00QKj00002FhcGHMAZ,005Kj00000Dy5ftIAB
00QKj00002FhcGIMAZ,005Kj00000Dy5f3IAB
00QKj00002FhcGJMAZ,005Kj00000Dy5fbIAB
00QKj00002FhcGKMAZ,005Kj00000Dy5e4IAB
00QKj00002FhcGLMAZ,005Kj00000Dy5g7IAB
00QKj00002FhcGMMAZ,005Kj00000Dy5fqIAB
00QKj00002FhcGNMAZ,005Kj00000Dy5fuIAB
00QKj00002FhcGAMAZ,005Kj00000Dy5g6IAB
00QKj00002FhcGBMAZ,005Kj00000Dy5fvIAB
00QKj00002FhcGCMAZ,005Kj00000Dy5g3IAB
00QKj00002FhcGDMAZ,005Kj00000Dy5fwIAB
00QKj00002FhcGEMAZ,005Kj00000Dy5egIAB
00QKj00002FhcGFMAZ,005Kj00000Dy5fxIAB
00QKj00002FhcFSMAZ,005Kj00000Dy5g4IAB
00QKj00002FhcFTMAZ,005Kj00000Dy5f1IAB
00QKj00002FhcFUMAZ,005Kj00000Dy5g2IAB
00QKj00002FhcFVMAZ,005Kj00000Dy5fyIAB
00QKj00002FhcFWMAZ,005Kj00000Dy5frIAB
00QKj00002FhcFXMAZ,005Kj00000Dy5fzIAB
00QKj00002FhcFYMAZ,005Kj00000Dy5g0IAB
00QKj00002FhcFZMAZ,005Kj00000Dy5g1IAB
00QKj00002FhcFaMAJ,005Kj00000Dy5ewIAB
00QKj00002FhcFbMAJ,005Kj00000Dy5eDIAR
00QKj00002FhcFcMAJ,005Kj00000Dy5g5IAB
00QKj00002FhcFdMAJ,005Kj00000Dy5eAIAR
00QKj00002FhcFeMAJ,005Kj00000Dy5f0IAB
00QKj00002FhcFfMAJ,005Kj00000D7vfMIAR
00QKj00002FhcFsMAJ,005Kj00000Dy5f2IAB
00QKj00002FhcFtMAJ,005Kj00000Dy5fsIAB
00QKj00002FhcFuMAJ,005Kj00000Dy5etIAB
00QKj00002FhcFvMAJ,005Kj00000Dy5foIAB
00QKj00002FhcFwMAJ,005Kj00000Dy5ftIAB
00QKj00002FhcFxMAJ,005Kj00000Dy5f3IAB
00QKj00002FhcFyMAJ,005Kj00000Dy5fbIAB
00QKj00002FhcFzMAJ,005Kj00000Dy5e4IAB
00QKj00002FhcFgMAJ,005Kj00000Dy5g7IAB
00QKj00002FhcFhMAJ,005Kj00000Dy5fqIAB
00QKj00002FhcFiMAJ,005Kj00000Dy5fuIAB
00QKj00002FhcFjMAJ,005Kj00000Dy5g6IAB
00QKj00002FhcFkMAJ,005Kj00000Dy5fvIAB
00QKj00002FhcFlMAJ,005Kj00000Dy5g3IAB
00QKj00002FhcFmMAJ,005Kj00000Dy5fwIAB
00QKj00002FhcFnMAJ,005Kj00000Dy5egIAB
00QKj00002FhcFoMAJ,005Kj00000Dy5fxIAB
00QKj00002FhcFpMAJ,005Kj00000Dy5g4IAB
00QKj00002FhcFqMAJ,005Kj00000Dy5f1IAB
00QKj00002FhcFrMAJ,005Kj00000Dy5g2IAB
00QKj00002FhcG0MAJ,005Kj00000Dy5fyIAB
00QKj00002FhcG1MAJ,005Kj00000Dy5frIAB
00QKj00002FhcG2MAJ,005Kj00000Dy5fzIAB
00QKj00002FhcG3MAJ,005Kj00000Dy5g0IAB
00QKj00002FhcG4MAJ,005Kj00000Dy5g1IAB
00QKj00002FhcG5MAJ,005Kj00000Dy5ewIAB
00QKj00002FhcG6MAJ,005Kj00000Dy5eDIAR
00QKj00002FhcG7MAJ,005Kj00000Dy5g5IAB
00QKj00002FhcG8MAJ,005Kj00000Dy5eAIAR
00QKj00002FhcG9MAJ,005Kj00000Dy5f0IAB
00QKj00002FhbzBMAR,005Kj00000D7vfMIAR
00QKj00002FhbzCMAR,005Kj00000Dy5f2IAB
00QKj00002FhbzDMAR,005Kj00000Dy5fsIAB
00QKj00002FhbzEMAR,005Kj00000Dy5etIAB
00QKj00002FhcEeMAJ,005Kj00000Dy5foIAB
00QKj00002FhcEfMAJ,005Kj00000Dy5ftIAB
00QKj00002FhcEgMAJ,005Kj00000Dy5f3IAB
00QKj00002FhcEhMAJ,005Kj00000Dy5fbIAB
00QKj00002FhcEiMAJ,005Kj00000Dy5e4IAB
00QKj00002FhcEjMAJ,005Kj00000Dy5g7IAB
00QKj00002FhcEkMAJ,005Kj00000Dy5fqIAB
00QKj00002FhcElMAJ,005Kj00000Dy5fuIAB
00QKj00002FhcEmMAJ,005Kj00000Dy5g6IAB
00QKj00002FhcEnMAJ,005Kj00000Dy5fvIAB
00QKj00002FhcEoMAJ,005Kj00000Dy5g3IAB
00QKj00002FhcEpMAJ,005Kj00000Dy5fwIAB
00QKj00002FhcEqMAJ,005Kj00000Dy5egIAB
00QKj00002FhcErMAJ,005Kj00000Dy5fxIAB
00QKj00002FhcEsMAJ,005Kj00000Dy5g4IAB
00QKj00002FhcEtMAJ,005Kj00000Dy5f1IAB
00QKj00002FhcEuMAJ,005Kj00000Dy5g2IAB
00QKj00002FhcEvMAJ,005Kj00000Dy5fyIAB
00QKj00002FhcEwMAJ,005Kj00000Dy5frIAB
00QKj00002FhcExMAJ,005Kj00000Dy5fzIAB
00QKj00002FhcEyMAJ,005Kj00000Dy5g0IAB
00QKj00002FhcEzMAJ,005Kj00000Dy5g1IAB
00QKj00002FhcF0MAJ,005Kj00000Dy5ewIAB
00QKj00002FhcF1MAJ,005Kj00000Dy5eDIAR
00QKj00002FhcF2MAJ,005Kj00000Dy5g5IAB
00QKj00002FhcF3MAJ,005Kj00000Dy5eAIAR
00QKj00002FhcF4MAJ,005Kj00000Dy5f0IAB
00QKj00002FhcF5MAJ,005Kj00000D7vfMIAR
00QKj00002FhcF6MAJ,005Kj00000Dy5f2IAB
00QKj00002FhcF7MAJ,005Kj00000Dy5fsIAB
00QKj00002FhcF8MAJ,005Kj00000Dy5etIAB
00QKj00002FhcF9MAJ,005Kj00000Dy5foIAB
00QKj00002FhcFAMAZ,005Kj00000Dy5ftIAB
00QKj00002FhcFBMAZ,005Kj00000Dy5f3IAB
00QKj00002FhcFCMAZ,005Kj00000Dy5fbIAB
00QKj00002FhcFDMAZ,005Kj00000Dy5e4IAB
00QKj00002FhcFEMAZ,005Kj00000Dy5g7IAB
00QKj00002FhcFFMAZ,005Kj00000Dy5fqIAB
00QKj00002FhcFGMAZ,005Kj00000Dy5fuIAB
00QKj00002FhcFHMAZ,005Kj00000Dy5g6IAB
00QKj00002FhcFIMAZ,005Kj00000Dy5fvIAB
00QKj00002FhcFJMAZ,005Kj00000Dy5g3IAB
00QKj00002FhcFKMAZ,005Kj00000Dy5fwIAB
00QKj00002FhcFLMAZ,005Kj00000Dy5egIAB
00QKj00002FhcFMMAZ,005Kj00000Dy5fxIAB
00QKj00002FhcFNMAZ,005Kj00000Dy5g4IAB
00QKj00002FhcDyMAJ,005Kj00000Dy5f1IAB
00QKj00002FhcDzMAJ,005Kj00000Dy5g2IAB
00QKj00002FhcE0MAJ,005Kj00000Dy5fyIAB
00QKj00002FhcE1MAJ,005Kj00000Dy5frIAB
00QKj00002FhcE2MAJ,005Kj00000Dy5fzIAB
00QKj00002FhcE3MAJ,005Kj00000Dy5g0IAB
00QKj00002FhcE4MAJ,005Kj00000Dy5g1IAB
00QKj00002FhcE5MAJ,005Kj00000Dy5ewIAB
00QKj00002FhcE6MAJ,005Kj00000Dy5eDIAR
00QKj00002FhcE7MAJ,005Kj00000Dy5g5IAB
00QKj00002FhcE8MAJ,005Kj00000Dy5eAIAR
00QKj00002FhcE9MAJ,005Kj00000Dy5f0IAB
00QKj00002FhcEAMAZ,005Kj00000D7vfMIAR
00QKj00002FhcEBMAZ,005Kj00000Dy5f2IAB
00QKj00002FhcECMAZ,005Kj00000Dy5fsIAB
00QKj00002FhcEDMAZ,005Kj00000Dy5etIAB
00QKj00002FhcEEMAZ,005Kj00000Dy5foIAB
00QKj00002FhcEFMAZ,005Kj00000Dy5ftIAB
00QKj00002FhcEGMAZ,005Kj00000Dy5f3IAB
00QKj00002FhcEHMAZ,005Kj00000Dy5fbIAB
00QKj00002FhcEIMAZ,005Kj00000Dy5e4IAB
00QKj00002FhcEJMAZ,005Kj00000Dy5g7IAB
00QKj00002FhcEKMAZ,005Kj00000Dy5fqIAB
00QKj00002FhcELMAZ,005Kj00000Dy5fuIAB
00QKj00002FhcEMMAZ,005Kj00000Dy5g6IAB
00QKj00002FhcENMAZ,005Kj00000Dy5fvIAB
00QKj00002FhcEOMAZ,005Kj00000Dy5g3IAB
00QKj00002FhcEPMAZ,005Kj00000Dy5fwIAB
00QKj00002FhcEQMAZ,005Kj00000Dy5egIAB
00QKj00002FhcERMAZ,005Kj00000Dy5fxIAB
00QKj00002FhcESMAZ,005Kj00000Dy5g4IAB
00QKj00002FhcETMAZ,005Kj00000Dy5f1IAB
00QKj00002FhcEUMAZ,005Kj00000Dy5g2IAB
00QKj00002FhcEVMAZ,005Kj00000Dy5fyIAB
00QKj00002FhcEWMAZ,005Kj00000Dy5frIAB
00QKj00002FhcEXMAZ,005Kj00000Dy5fzIAB
00QKj00002FhcEYMAZ,005Kj00000Dy5g0IAB
00QKj00002FhcDlMAJ,005Kj00000Dy5g1IAB
00QKj00002FhcDmMAJ,005Kj00000Dy5ewIAB
00QKj00002FhcDnMAJ,005Kj00000Dy5eDIAR
00QKj00002FhcDoMAJ,005Kj00000Dy5g5IAB
00QKj00002FhcDpMAJ,005Kj00000Dy5eAIAR
00QKj00002FhcDqMAJ,005Kj00000Dy5f0IAB
00QKj00002FhcDrMAJ,005Kj00000D7vfMIAR
00QKj00002FhcDsMAJ,005Kj00000Dy5f2IAB
00QKj00002FhcDtMAJ,005Kj00000Dy5fsIAB
00QKj00002FhcDuMAJ,005Kj00000Dy5etIAB
00QKj00002FhcDvMAJ,005Kj00000Dy5foIAB
00QKj00002FhcDwMAJ,005Kj00000Dy5ftIAB
00QKj00002FhcDxMAJ,005Kj00000Dy5f3IAB
00QKj00002FhcDMMAZ,005Kj00000Dy5fbIAB
00QKj00002FhcDNMAZ,005Kj00000Dy5e4IAB
00QKj00002Fhc8xMAB,005Kj00000Dy5g7IAB
00QKj00002Fhc8yMAB,005Kj00000Dy5fqIAB
00QKj00002Fhc8zMAB,005Kj00000Dy5fuIAB
00QKj00002FhcCxMAJ,005Kj00000Dy5g6IAB
00QKj00002FhcCyMAJ,005Kj00000Dy5fvIAB
00QKj00002FhcCzMAJ,005Kj00000Dy5g3IAB
00QKj00002FhcD0MAJ,005Kj00000Dy5fwIAB
00QKj00002FhcD1MAJ,005Kj00000Dy5egIAB
00QKj00002FhcD2MAJ,005Kj00000Dy5fxIAB
00QKj00002FhcD3MAJ,005Kj00000Dy5g4IAB
00QKj00002FhcD4MAJ,005Kj00000Dy5f1IAB
00QKj00002FhcD5MAJ,005Kj00000Dy5g2IAB
00QKj00002FhcD6MAJ,005Kj00000Dy5fyIAB
00QKj00002FhcD7MAJ,005Kj00000Dy5frIAB
00QKj00002FhcD8MAJ,005Kj00000Dy5fzIAB
00QKj00002FhcD9MAJ,005Kj00000Dy5g0IAB
00QKj00002FhcDAMAZ,005Kj00000Dy5g1IAB
00QKj00002FhcDBMAZ,005Kj00000Dy5ewIAB
00QKj00002FhcDCMAZ,005Kj00000Dy5eDIAR
00QKj00002FhcDDMAZ,005Kj00000Dy5g5IAB
00QKj00002FhcDEMAZ,005Kj00000Dy5eAIAR
00QKj00002FhcDFMAZ,005Kj00000Dy5f0IAB
00QKj00002FhcDGMAZ,005Kj00000D7vfMIAR
00QKj00002FhcDHMAZ,005Kj00000Dy5f2IAB
00QKj00002FhcDIMAZ,005Kj00000Dy5fsIAB
00QKj00002FhcDJMAZ,005Kj00000Dy5etIAB
00QKj00002FhcDKMAZ,005Kj00000Dy5foIAB
00QKj00002FhcDLMAZ,005Kj00000Dy5ftIAB
00QKj00002FhcDOMAZ,005Kj00000Dy5f3IAB
00QKj00002FhcDPMAZ,005Kj00000Dy5fbIAB
00QKj00002FhcDQMAZ,005Kj00000Dy5e4IAB
00QKj00002FhcDRMAZ,005Kj00000Dy5g7IAB
00QKj00002FhcDSMAZ,005Kj00000Dy5fqIAB
00QKj00002FhcDTMAZ,005Kj00000Dy5fuIAB
00QKj00002FhcDUMAZ,005Kj00000Dy5g6IAB
00QKj00002FhcDVMAZ,005Kj00000Dy5fvIAB
00QKj00002FhcDWMAZ,005Kj00000Dy5g3IAB
00QKj00002FhcDXMAZ,005Kj00000Dy5fwIAB
00QKj00002FhcDYMAZ,005Kj00000Dy5egIAB
00QKj00002FhcDZMAZ,005Kj00000Dy5fxIAB
00QKj00002FhcDaMAJ,005Kj00000Dy5g4IAB
00QKj00002FhcDbMAJ,005Kj00000Dy5f1IAB
00QKj00002FhcDcMAJ,005Kj00000Dy5g2IAB
00QKj00002FhcDdMAJ,005Kj00000Dy5fyIAB
00QKj00002FhcDeMAJ,005Kj00000Dy5frIAB
00QKj00002FhcDfMAJ,005Kj00000Dy5fzIAB
00QKj00002FhcDgMAJ,005Kj00000Dy5g0IAB
00QKj00002FhcDhMAJ,005Kj00000Dy5g1IAB
00QKj00002FhcCVMAZ,005Kj00000Dy5ewIAB
00QKj00002FhcCWMAZ,005Kj00000Dy5eDIAR
00QKj00002FhcCXMAZ,005Kj00000Dy5g5IAB
00QKj00002FhcCYMAZ,005Kj00000Dy5eAIAR
00QKj00002FhcCZMAZ,005Kj00000Dy5f0IAB
00QKj00002FhcCaMAJ,005Kj00000D7vfMIAR
00QKj00002FhcCbMAJ,005Kj00000Dy5f2IAB
00QKj00002FhcCcMAJ,005Kj00000Dy5fsIAB
00QKj00002FhcCdMAJ,005Kj00000Dy5etIAB
00QKj00002FhcCeMAJ,005Kj00000Dy5foIAB
00QKj00002FhcCfMAJ,005Kj00000Dy5ftIAB
00QKj00002FhcCgMAJ,005Kj00000Dy5f3IAB
00QKj00002FhcChMAJ,005Kj00000Dy5fbIAB
00QKj00002FhcCiMAJ,005Kj00000Dy5e4IAB
00QKj00002FhcCjMAJ,005Kj00000Dy5g7IAB
00QKj00002FhcCkMAJ,005Kj00000Dy5fqIAB
00QKj00002FhcClMAJ,005Kj00000Dy5fuIAB
00QKj00002FhcCmMAJ,005Kj00000Dy5g6IAB
00QKj00002FhcCnMAJ,005Kj00000Dy5fvIAB
00QKj00002FhcCoMAJ,005Kj00000Dy5g3IAB
00QKj00002FhcCpMAJ,005Kj00000Dy5fwIAB
00QKj00002FhcCqMAJ,005Kj00000Dy5egIAB
00QKj00002FhcCrMAJ,005Kj00000Dy5fxIAB
00QKj00002FhcCsMAJ,005Kj00000Dy5g4IAB
00QKj00002FhcCtMAJ,005Kj00000Dy5f1IAB
00QKj00002FhcCuMAJ,005Kj00000Dy5g2IAB
00QKj00002FhcCvMAJ,005Kj00000Dy5fyIAB
00QKj00002FhcCwMAJ,005Kj00000Dy5frIAB
00QKj00002FhcC9MAJ,005Kj00000Dy5fzIAB
00QKj00002FhcCAMAZ,005Kj00000Dy5g0IAB
00QKj00002FhcCBMAZ,005Kj00000Dy5g1IAB
00QKj00002FhcCCMAZ,005Kj00000Dy5ewIAB
00QKj00002FhcCDMAZ,005Kj00000Dy5eDIAR
00QKj00002FhcCEMAZ,005Kj00000Dy5g5IAB
00QKj00002FhcCFMAZ,005Kj00000Dy5eAIAR
00QKj00002FhcCGMAZ,005Kj00000Dy5f0IAB
00QKj00002FhcCHMAZ,005Kj00000D7vfMIAR
00QKj00002FhcCIMAZ,005Kj00000Dy5f2IAB
00QKj00002FhcCJMAZ,005Kj00000Dy5fsIAB
00QKj00002FhcCKMAZ,005Kj00000Dy5etIAB
00QKj00002FhcCLMAZ,005Kj00000Dy5foIAB
00QKj00002FhcCMMAZ,005Kj00000Dy5ftIAB
00QKj00002FhcCNMAZ,005Kj00000Dy5f3IAB
00QKj00002FhcCOMAZ,005Kj00000Dy5fbIAB
00QKj00002FhcCPMAZ,005Kj00000Dy5e4IAB
00QKj00002FhcCQMAZ,005Kj00000Dy5g7IAB
00QKj00002FhcCRMAZ,005Kj00000Dy5fqIAB
00QKj00002FhcCSMAZ,005Kj00000Dy5fuIAB
00QKj00002FhcCTMAZ,005Kj00000Dy5g6IAB
00QKj00002FhcCUMAZ,005Kj00000Dy5fvIAB
00QKj00002FhcBoMAJ,005Kj00000Dy5g3IAB
00QKj00002FhcBpMAJ,005Kj00000Dy5fwIAB
00QKj00002FhcBqMAJ,005Kj00000Dy5egIAB
00QKj00002FhcBrMAJ,005Kj00000Dy5fxIAB
00QKj00002FhcBsMAJ,005Kj00000Dy5g4IAB
00QKj00002FhcBtMAJ,005Kj00000Dy5f1IAB
00QKj00002FhcBuMAJ,005Kj00000Dy5g2IAB
00QKj00002FhcBvMAJ,005Kj00000Dy5fyIAB
00QKj00002FhcBwMAJ,005Kj00000Dy5frIAB
00QKj00002FhcBxMAJ,005Kj00000Dy5fzIAB
00QKj00002FhcByMAJ,005Kj00000Dy5g0IAB
00QKj00002FhcBzMAJ,005Kj00000Dy5g1IAB
00QKj00002FhcC0MAJ,005Kj00000Dy5ewIAB
00QKj00002FhcC1MAJ,005Kj00000Dy5eDIAR
00QKj00002FhcC2MAJ,005Kj00000Dy5g5IAB
00QKj00002FhcC3MAJ,005Kj00000Dy5eAIAR
00QKj00002FhcBGMAZ,005Kj00000Dy5f0IAB
00QKj00002FhcBHMAZ,005Kj00000D7vfMIAR
00QKj00002FhcBIMAZ,005Kj00000Dy5f2IAB
00QKj00002FhcBJMAZ,005Kj00000Dy5fsIAB
00QKj00002FhcBKMAZ,005Kj00000Dy5etIAB
00QKj00002FhcBLMAZ,005Kj00000Dy5foIAB
00QKj00002FhcBMMAZ,005Kj00000Dy5ftIAB
00QKj00002FhcBNMAZ,005Kj00000Dy5f3IAB
00QKj00002FhcBOMAZ,005Kj00000Dy5fbIAB
00QKj00002FhcBPMAZ,005Kj00000Dy5e4IAB
00QKj00002FhcBdMAJ,005Kj00000Dy5g7IAB
00QKj00002FhcBeMAJ,005Kj00000Dy5fqIAB
00QKj00002FhcBfMAJ,005Kj00000Dy5fuIAB
00QKj00002FhcBgMAJ,005Kj00000Dy5g6IAB
00QKj00002FhcBhMAJ,005Kj00000Dy5fvIAB
00QKj00002FhcBiMAJ,005Kj00000Dy5g3IAB
00QKj00002FhcBjMAJ,005Kj00000Dy5fwIAB
00QKj00002FhcBkMAJ,005Kj00000Dy5egIAB
00QKj00002FhcBlMAJ,005Kj00000Dy5fxIAB
00QKj00002FhcBmMAJ,005Kj00000Dy5g4IAB
00QKj00002FhcBnMAJ,005Kj00000Dy5f1IAB
00QKj00002FhcBQMAZ,005Kj00000Dy5g2IAB
00QKj00002FhcBRMAZ,005Kj00000Dy5fyIAB
00QKj00002FhcBSMAZ,005Kj00000Dy5frIAB
00QKj00002FhcBTMAZ,005Kj00000Dy5fzIAB
00QKj00002FhcBUMAZ,005Kj00000Dy5g0IAB
00QKj00002FhcBVMAZ,005Kj00000Dy5g1IAB
00QKj00002FhcBWMAZ,005Kj00000Dy5ewIAB
00QKj00002FhcBXMAZ,005Kj00000Dy5eDIAR
00QKj00002FhcBYMAZ,005Kj00000Dy5g5IAB
00QKj00002FhcBZMAZ,005Kj00000Dy5eAIAR
00QKj00002FhcBaMAJ,005Kj00000Dy5f0IAB
00QKj00002FhcBbMAJ,005Kj00000D7vfMIAR
00QKj00002FhcBcMAJ,005Kj00000Dy5f2IAB
00QKj00002G16yJMAR,005Kj00000Dy5fsIAB
00QKj00002G16yKMAR,005Kj00000Dy5etIAB
00QKj00002G16yLMAR,005Kj00000Dy5foIAB
00QKj00002G16vSMAR,005Kj00000Dy5ftIAB
00QKj00002G16vTMAR,005Kj00000Dy5f3IAB
00QKj00002G16vUMAR,005Kj00000Dy5fbIAB
00QKj00002G16vVMAR,005Kj00000Dy5e4IAB
00QKj00002G16vWMAR,005Kj00000Dy5g7IAB
00QKj00002G16vXMAR,005Kj00000Dy5fqIAB
00QKj00002G16vYMAR,005Kj00000Dy5fuIAB
00QKj00002G16vZMAR,005Kj00000Dy5g6IAB
00QKj00002G16vaMAB,005Kj00000Dy5fvIAB
00QKj00002G16vbMAB,005Kj00000Dy5g3IAB
00QKj00002G16vcMAB,005Kj00000Dy5fwIAB
00QKj00002G16vdMAB,005Kj00000Dy5egIAB
00QKj00002G16veMAB,005Kj00000Dy5fxIAB
00QKj00002G16yMMAR,005Kj00000Dy5g4IAB
00QKj00002G16yNMAR,005Kj00000Dy5f1IAB
00QKj00002G16yOMAR,005Kj00000Dy5g2IAB
00QKj00002G16yPMAR,005Kj00000Dy5fyIAB
00QKj00002G16yQMAR,005Kj00000Dy5frIAB
00QKj00002G16yRMAR,005Kj00000Dy5fzIAB
00QKj00002G16ySMAR,005Kj00000Dy5g0IAB
00QKj00002G16yTMAR,005Kj00000Dy5g1IAB
00QKj00002G16yUMAR,005Kj00000Dy5ewIAB
00QKj00002G16yVMAR,005Kj00000Dy5eDIAR
00QKj00002G16yWMAR,005Kj00000Dy5g5IAB
00QKj00002G16yXMAR,005Kj00000Dy5eAIAR
00QKj00002G16yYMAR,005Kj00000Dy5f0IAB
00QKj00002G16sgMAB,005Kj00000D7vfMIAR
00QKj00002G16shMAB,005Kj00000Dy5f2IAB
00QKj00002G16siMAB,005Kj00000Dy5fsIAB
00QKj00002G16sjMAB,005Kj00000Dy5etIAB
00QKj00002G16skMAB,005Kj00000Dy5foIAB
00QKj00002G16vfMAB,005Kj00000Dy5ftIAB
00QKj00002G16vgMAB,005Kj00000Dy5f3IAB
00QKj00002G16vhMAB,005Kj00000Dy5fbIAB
00QKj00002G16viMAB,005Kj00000Dy5e4IAB
00QKj00002G16vjMAB,005Kj00000Dy5g7IAB
00QKj00002G16vkMAB,005Kj00000Dy5fqIAB
00QKj00002G16vlMAB,005Kj00000Dy5fuIAB
00QKj00002G16vmMAB,005Kj00000Dy5g6IAB
00QKj00002G16vnMAB,005Kj00000Dy5fvIAB
00QKj00002G16voMAB,005Kj00000Dy5g3IAB
00QKj00002G16vpMAB,005Kj00000Dy5fwIAB
00QKj00002G16yZMAR,005Kj00000Dy5egIAB
00QKj00002G16yaMAB,005Kj00000Dy5fxIAB
00QKj00002G16ybMAB,005Kj00000Dy5g4IAB
00QKj00002G16ycMAB,005Kj00000Dy5f1IAB
00QKj00002G16ydMAB,005Kj00000Dy5g2IAB
00QKj00002G16yeMAB,005Kj00000Dy5fyIAB
00QKj00002G16yfMAB,005Kj00000Dy5frIAB
00QKj00002G16ygMAB,005Kj00000Dy5fzIAB
00QKj00002G16yhMAB,005Kj00000Dy5g0IAB
00QKj00002G16yiMAB,005Kj00000Dy5g1IAB
00QKj00002G16yjMAB,005Kj00000Dy5ewIAB
00QKj00002G16ykMAB,005Kj00000Dy5eDIAR
00QKj00002G16uvMAB,005Kj00000Dy5g5IAB
00QKj00002G16uwMAB,005Kj00000Dy5eAIAR
00QKj00002G16uxMAB,005Kj00000Dy5f0IAB
00QKj00002G16uyMAB,005Kj00000D7vfMIAR
00QKj00002G16uzMAB,005Kj00000Dy5f2IAB
00QKj00002G16v0MAB,005Kj00000Dy5fsIAB
00QKj00002G16v1MAB,005Kj00000Dy5etIAB
00QKj00002G16v2MAB,005Kj00000Dy5foIAB
00QKj00002G16v3MAB,005Kj00000Dy5ftIAB
00QKj00002G16v4MAB,005Kj00000Dy5f3IAB
00QKj00002G16v5MAB,005Kj00000Dy5fbIAB
00QKj00002G16v6MAB,005Kj00000Dy5e4IAB
00QKj00002G16xoMAB,005Kj00000Dy5g7IAB
00QKj00002G16xpMAB,005Kj00000Dy5fqIAB
00QKj00002G16xqMAB,005Kj00000Dy5fuIAB
00QKj00002G16xrMAB,005Kj00000Dy5g6IAB
00QKj00002G16xsMAB,005Kj00000Dy5fvIAB
00QKj00002G16xtMAB,005Kj00000Dy5g3IAB
00QKj00002G16xuMAB,005Kj00000Dy5fwIAB
00QKj00002G16xvMAB,005Kj00000Dy5egIAB
00QKj00002G16xwMAB,005Kj00000Dy5fxIAB
00QKj00002G16xxMAB,005Kj00000Dy5g4IAB
00QKj00002G16xyMAB,005Kj00000Dy5f1IAB
00QKj00002G16xzMAB,005Kj00000Dy5g2IAB
00QKj00002G16v7MAB,005Kj00000Dy5fyIAB
00QKj00002G16v8MAB,005Kj00000Dy5frIAB
00QKj00002G16v9MAB,005Kj00000Dy5fzIAB
00QKj00002G16vAMAR,005Kj00000Dy5g0IAB
00QKj00002G16vBMAR,005Kj00000Dy5g1IAB
00QKj00002G16vCMAR,005Kj00000Dy5ewIAB
00QKj00002G16vDMAR,005Kj00000Dy5eDIAR
00QKj00002G16vEMAR,005Kj00000Dy5g5IAB
00QKj00002G16vFMAR,005Kj00000Dy5eAIAR
00QKj00002G16y0MAB,005Kj00000Dy5f0IAB
00QKj00002G16y1MAB,005Kj00000D7vfMIAR
00QKj00002G16y2MAB,005Kj00000Dy5f2IAB
00QKj00002G16y3MAB,005Kj00000Dy5fsIAB
00QKj00002G16y4MAB,005Kj00000Dy5etIAB
00QKj00002G16y5MAB,005Kj00000Dy5foIAB
00QKj00002G16y6MAB,005Kj00000Dy5ftIAB
00QKj00002G16y7MAB,005Kj00000Dy5f3IAB
00QKj00002G16y8MAB,005Kj00000Dy5fbIAB
00QKj00002G16y9MAB,005Kj00000Dy5e4IAB
00QKj00002G16vGMAR,005Kj00000Dy5g7IAB
00QKj00002G16vHMAR,005Kj00000Dy5fqIAB
00QKj00002G16vIMAR,005Kj00000Dy5fuIAB
00QKj00002G16vJMAR,005Kj00000Dy5g6IAB
00QKj00002G16vKMAR,005Kj00000Dy5fvIAB
00QKj00002G16vLMAR,005Kj00000Dy5g3IAB
00QKj00002G16vMMAR,005Kj00000Dy5fwIAB
00QKj00002G16vNMAR,005Kj00000Dy5egIAB
00QKj00002G16vOMAR,005Kj00000Dy5fxIAB
00QKj00002G16vPMAR,005Kj00000Dy5g4IAB
00QKj00002G16vQMAR,005Kj00000Dy5f1IAB
00QKj00002G16vRMAR,005Kj00000Dy5g2IAB
00QKj00002G16yAMAR,005Kj00000Dy5fyIAB
00QKj00002G16yBMAR,005Kj00000Dy5frIAB
00QKj00002G16yCMAR,005Kj00000Dy5fzIAB
00QKj00002G16yDMAR,005Kj00000Dy5g0IAB
00QKj00002G16yEMAR,005Kj00000Dy5g1IAB
00QKj00002G16yFMAR,005Kj00000Dy5ewIAB
00QKj00002G16yGMAR,005Kj00000Dy5eDIAR
00QKj00002G16yHMAR,005Kj00000Dy5g5IAB
00QKj00002G16yIMAR,005Kj00000Dy5eAIAR
00QKj00002G16uMMAR,005Kj00000Dy5f0IAB
00QKj00002G16uNMAR,005Kj00000D7vfMIAR
00QKj00002G16uOMAR,005Kj00000Dy5f2IAB
00QKj00002G16uPMAR,005Kj00000Dy5fsIAB
00QKj00002G16uQMAR,005Kj00000Dy5etIAB
00QKj00002G16uRMAR,005Kj00000Dy5foIAB
00QKj00002G16uSMAR,005Kj00000Dy5ftIAB
00QKj00002G16uTMAR,005Kj00000Dy5f3IAB
00QKj00002G16uUMAR,005Kj00000Dy5fbIAB
00QKj00002G16uVMAR,005Kj00000Dy5e4IAB
00QKj00002G16uWMAR,005Kj00000Dy5g7IAB
00QKj00002G16uXMAR,005Kj00000Dy5fqIAB
00QKj00002G16xLMAR,005Kj00000Dy5fuIAB
00QKj00002G16xMMAR,005Kj00000Dy5g6IAB
00QKj00002G16xNMAR,005Kj00000Dy5fvIAB
00QKj00002G16xOMAR,005Kj00000Dy5g3IAB
00QKj00002G16xPMAR,005Kj00000Dy5fwIAB
00QKj00002G16xQMAR,005Kj00000Dy5egIAB
00QKj00002G16xRMAR,005Kj00000Dy5fxIAB
00QKj00002G16xSMAR,005Kj00000Dy5g4IAB
00QKj00002G16uYMAR,005Kj00000Dy5f1IAB
00QKj00002G16uZMAR,005Kj00000Dy5g2IAB
00QKj00002G16uaMAB,005Kj00000Dy5fyIAB
00QKj00002G16ubMAB,005Kj00000Dy5frIAB
00QKj00002G16ucMAB,005Kj00000Dy5fzIAB
00QKj00002G16udMAB,005Kj00000Dy5g0IAB
00QKj00002G16ueMAB,005Kj00000Dy5g1IAB
00QKj00002G16ufMAB,005Kj00000Dy5ewIAB
00QKj00002G16ugMAB,005Kj00000Dy5eDIAR
00QKj00002G16xTMAR,005Kj00000Dy5g5IAB
00QKj00002G16xUMAR,005Kj00000Dy5eAIAR
00QKj00002G16xVMAR,005Kj00000Dy5f0IAB
00QKj00002G16xWMAR,005Kj00000D7vfMIAR
00QKj00002G16xXMAR,005Kj00000Dy5f2IAB
00QKj00002G16xYMAR,005Kj00000Dy5fsIAB
00QKj00002G16xZMAR,005Kj00000Dy5etIAB
00QKj00002G16xaMAB,005Kj00000Dy5foIAB
00QKj00002G16xbMAB,005Kj00000Dy5ftIAB
00QKj00002G16xcMAB,005Kj00000Dy5f3IAB
00QKj00002G16xdMAB,005Kj00000Dy5fbIAB
00QKj00002G16xeMAB,005Kj00000Dy5e4IAB
00QKj00002G16xfMAB,005Kj00000Dy5g7IAB
00QKj00002G16uhMAB,005Kj00000Dy5fqIAB
00QKj00002G16uiMAB,005Kj00000Dy5fuIAB
00QKj00002G16ujMAB,005Kj00000Dy5g6IAB
00QKj00002G16ukMAB,005Kj00000Dy5fvIAB
00QKj00002G16ulMAB,005Kj00000Dy5g3IAB
00QKj00002G16umMAB,005Kj00000Dy5fwIAB
00QKj00002G16unMAB,005Kj00000Dy5egIAB
00QKj00002G16uoMAB,005Kj00000Dy5fxIAB
00QKj00002G16upMAB,005Kj00000Dy5g4IAB
00QKj00002G16uqMAB,005Kj00000Dy5f1IAB
00QKj00002G16urMAB,005Kj00000Dy5g2IAB
00QKj00002G16usMAB,005Kj00000Dy5fyIAB
00QKj00002G16utMAB,005Kj00000Dy5frIAB
00QKj00002G16xgMAB,005Kj00000Dy5fzIAB
00QKj00002G16xhMAB,005Kj00000Dy5g0IAB
00QKj00002G16xiMAB,005Kj00000Dy5g1IAB
00QKj00002G16xjMAB,005Kj00000Dy5ewIAB
00QKj00002G16xkMAB,005Kj00000Dy5eDIAR
00QKj00002G16xlMAB,005Kj00000Dy5g5IAB
00QKj00002G16xmMAB,005Kj00000Dy5eAIAR
00QKj00002G16xnMAB,005Kj00000Dy5f0IAB
00QKj00002G16uuMAB,005Kj00000D7vfMIAR
00QKj00002G16tuMAB,005Kj00000Dy5f2IAB
00QKj00002G16tvMAB,005Kj00000Dy5fsIAB
00QKj00002G16wlMAB,005Kj00000Dy5etIAB
00QKj00002G16wmMAB,005Kj00000Dy5foIAB
00QKj00002G16wnMAB,005Kj00000Dy5ftIAB
00QKj00002G16woMAB,005Kj00000Dy5f3IAB
00QKj00002G16wpMAB,005Kj00000Dy5fbIAB
00QKj00002G16wqMAB,005Kj00000Dy5e4IAB
00QKj00002G16wrMAB,005Kj00000Dy5g7IAB
00QKj00002G16wsMAB,005Kj00000Dy5fqIAB
00QKj00002G16wtMAB,005Kj00000Dy5fuIAB
00QKj00002G16wuMAB,005Kj00000Dy5g6IAB
00QKj00002G16wvMAB,005Kj00000Dy5fvIAB
00QKj00002G16wwMAB,005Kj00000Dy5g3IAB
00QKj00002G16twMAB,005Kj00000Dy5fwIAB
00QKj00002G16txMAB,005Kj00000Dy5egIAB
00QKj00002G16tyMAB,005Kj00000Dy5fxIAB
00QKj00002G16tzMAB,005Kj00000Dy5g4IAB
00QKj00002G16u0MAB,005Kj00000Dy5f1IAB
00QKj00002G16u1MAB,005Kj00000Dy5g2IAB
00QKj00002G16u2MAB,005Kj00000Dy5fyIAB
00QKj00002G16u3MAB,005Kj00000Dy5frIAB
00QKj00002G16u4MAB,005Kj00000Dy5fzIAB
00QKj00002G16u5MAB,005Kj00000Dy5g0IAB
00QKj00002G16u6MAB,005Kj00000Dy5g1IAB
00QKj00002G16u7MAB,005Kj00000Dy5ewIAB
00QKj00002G16u8MAB,005Kj00000Dy5eDIAR
00QKj00002G16wxMAB,005Kj00000Dy5g5IAB
00QKj00002G16wyMAB,005Kj00000Dy5eAIAR
00QKj00002G16wzMAB,005Kj00000Dy5f0IAB
00QKj00002G16x0MAB,005Kj00000D7vfMIAR
00QKj00002G16x1MAB,005Kj00000Dy5f2IAB
00QKj00002G16x2MAB,005Kj00000Dy5fsIAB
00QKj00002G16x3MAB,005Kj00000Dy5etIAB
00QKj00002G16x4MAB,005Kj00000Dy5foIAB
00QKj00002G16x5MAB,005Kj00000Dy5ftIAB
00QKj00002G16x6MAB,005Kj00000Dy5f3IAB
00QKj00002G16x7MAB,005Kj00000Dy5fbIAB
00QKj00002G16x8MAB,005Kj00000Dy5e4IAB
00QKj00002G16x9MAB,005Kj00000Dy5g7IAB
00QKj00002G16u9MAB,005Kj00000Dy5fqIAB
00QKj00002G16uAMAR,005Kj00000Dy5fuIAB
00QKj00002G16uBMAR,005Kj00000Dy5g6IAB
00QKj00002G16uCMAR,005Kj00000Dy5fvIAB
00QKj00002G16uDMAR,005Kj00000Dy5g3IAB
00QKj00002G16uEMAR,005Kj00000Dy5fwIAB
00QKj00002G16uFMAR,005Kj00000Dy5egIAB
00QKj00002G16uGMAR,005Kj00000Dy5fxIAB
00QKj00002G16uHMAR,005Kj00000Dy5g4IAB
00QKj00002G16uIMAR,005Kj00000Dy5f1IAB
00QKj00002G16uJMAR,005Kj00000Dy5g2IAB
00QKj00002G16uKMAR,005Kj00000Dy5fyIAB
00QKj00002G16xAMAR,005Kj00000Dy5frIAB
00QKj00002G16xBMAR,005Kj00000Dy5fzIAB
00QKj00002G16xCMAR,005Kj00000Dy5g0IAB
00QKj00002G16xDMAR,005Kj00000Dy5g1IAB
00QKj00002G16xEMAR,005Kj00000Dy5ewIAB
00QKj00002G16xFMAR,005Kj00000Dy5eDIAR
00QKj00002G16xGMAR,005Kj00000Dy5g5IAB
00QKj00002G16xHMAR,005Kj00000Dy5eAIAR
00QKj00002G16xIMAR,005Kj00000Dy5f0IAB
00QKj00002G16xJMAR,005Kj00000D7vfMIAR
00QKj00002G16xKMAR,005Kj00000Dy5f2IAB
00QKj00002G16uLMAR,005Kj00000Dy5fsIAB
00QKj00002G16wHMAR,005Kj00000Dy5etIAB
00QKj00002G16wIMAR,005Kj00000Dy5foIAB
00QKj00002G16wJMAR,005Kj00000Dy5ftIAB
00QKj00002G16wKMAR,005Kj00000Dy5f3IAB
00QKj00002G16wLMAR,005Kj00000Dy5fbIAB
00QKj00002G16wMMAR,005Kj00000Dy5e4IAB
00QKj00002G16wNMAR,005Kj00000Dy5g7IAB
00QKj00002G16wOMAR,005Kj00000Dy5fqIAB
00QKj00002G16wPMAR,005Kj00000Dy5fuIAB
00QKj00002G16tMMAR,005Kj00000Dy5g6IAB
00QKj00002G16tNMAR,005Kj00000Dy5fvIAB
00QKj00002G16tOMAR,005Kj00000Dy5g3IAB
00QKj00002G16tPMAR,005Kj00000Dy5fwIAB
00QKj00002G16tQMAR,005Kj00000Dy5egIAB
00QKj00002G16tRMAR,005Kj00000Dy5fxIAB
00QKj00002G16tSMAR,005Kj00000Dy5g4IAB
00QKj00002G16tTMAR,005Kj00000Dy5f1IAB
00QKj00002G16tUMAR,005Kj00000Dy5g2IAB
00QKj00002G16tVMAR,005Kj00000Dy5fyIAB
00QKj00002G16tWMAR,005Kj00000Dy5frIAB
00QKj00002G16tXMAR,005Kj00000Dy5fzIAB
00QKj00002G16tYMAR,005Kj00000Dy5g0IAB
00QKj00002G16wQMAR,005Kj00000Dy5g1IAB
00QKj00002G16wRMAR,005Kj00000Dy5ewIAB
00QKj00002G16wSMAR,005Kj00000Dy5eDIAR
00QKj00002G16wTMAR,005Kj00000Dy5g5IAB
00QKj00002G16wUMAR,005Kj00000Dy5eAIAR
00QKj00002G16wVMAR,005Kj00000Dy5f0IAB
00QKj00002G16wWMAR,005Kj00000D7vfMIAR
00QKj00002G16wXMAR,005Kj00000Dy5f2IAB
00QKj00002G16tZMAR,005Kj00000Dy5fsIAB
00QKj00002G16taMAB,005Kj00000Dy5etIAB
00QKj00002G16tbMAB,005Kj00000Dy5foIAB
00QKj00002G16tcMAB,005Kj00000Dy5ftIAB
00QKj00002G16tdMAB,005Kj00000Dy5f3IAB
00QKj00002G16teMAB,005Kj00000Dy5fbIAB
00QKj00002G16tfMAB,005Kj00000Dy5e4IAB
00QKj00002G16tgMAB,005Kj00000Dy5g7IAB
00QKj00002G16thMAB,005Kj00000Dy5fqIAB
00QKj00002G16tiMAB,005Kj00000Dy5fuIAB
00QKj00002G16wYMAR,005Kj00000Dy5g6IAB
00QKj00002G16wZMAR,005Kj00000Dy5fvIAB
00QKj00002G16waMAB,005Kj00000Dy5g3IAB
00QKj00002G16wbMAB,005Kj00000Dy5fwIAB
00QKj00002G16wcMAB,005Kj00000Dy5egIAB
00QKj00002G16wdMAB,005Kj00000Dy5fxIAB
00QKj00002G16weMAB,005Kj00000Dy5g4IAB
00QKj00002G16wfMAB,005Kj00000Dy5f1IAB
00QKj00002G16wgMAB,005Kj00000Dy5g2IAB
00QKj00002G16whMAB,005Kj00000Dy5fyIAB
00QKj00002G16wiMAB,005Kj00000Dy5frIAB
00QKj00002G16wjMAB,005Kj00000Dy5fzIAB
00QKj00002G16wkMAB,005Kj00000Dy5g0IAB
00QKj00002G16tjMAB,005Kj00000Dy5g1IAB
00QKj00002G16tkMAB,005Kj00000Dy5ewIAB
00QKj00002G16tlMAB,005Kj00000Dy5eDIAR
00QKj00002G16tmMAB,005Kj00000Dy5g5IAB
00QKj00002G16tnMAB,005Kj00000Dy5eAIAR
00QKj00002G16toMAB,005Kj00000Dy5f0IAB
00QKj00002G16tpMAB,005Kj00000D7vfMIAR
00QKj00002G16tqMAB,005Kj00000Dy5f2IAB
00QKj00002G16trMAB,005Kj00000Dy5fsIAB
00QKj00002G16tsMAB,005Kj00000Dy5etIAB
00QKj00002G16ttMAB,005Kj00000Dy5foIAB
00QKj00002G16slMAB,005Kj00000Dy5ftIAB
00QKj00002G16smMAB,005Kj00000Dy5f3IAB
00QKj00002G16snMAB,005Kj00000Dy5fbIAB
00QKj00002G16soMAB,005Kj00000Dy5e4IAB
00QKj00002G16spMAB,005Kj00000Dy5g7IAB
00QKj00002G16sqMAB,005Kj00000Dy5fqIAB
00QKj00002G16srMAB,005Kj00000Dy5fuIAB
00QKj00002G16ssMAB,005Kj00000Dy5g6IAB
00QKj00002G16stMAB,005Kj00000Dy5fvIAB
00QKj00002G16suMAB,005Kj00000Dy5g3IAB
00QKj00002G16svMAB,005Kj00000Dy5fwIAB
00QKj00002G16swMAB,005Kj00000Dy5egIAB
00QKj00002G16sxMAB,005Kj00000Dy5fxIAB
00QKj00002G16vqMAB,005Kj00000Dy5g4IAB
00QKj00002G16vrMAB,005Kj00000Dy5f1IAB
00QKj00002G16vsMAB,005Kj00000Dy5g2IAB
00QKj00002G16vtMAB,005Kj00000Dy5fyIAB
00QKj00002G16vuMAB,005Kj00000Dy5frIAB
00QKj00002G16vvMAB,005Kj00000Dy5fzIAB
00QKj00002G16vwMAB,005Kj00000Dy5g0IAB
00QKj00002G16vxMAB,005Kj00000Dy5g1IAB
00QKj00002G16vyMAB,005Kj00000Dy5ewIAB
00QKj00002G16vzMAB,005Kj00000Dy5eDIAR
00QKj00002G16w0MAB,005Kj00000Dy5g5IAB
00QKj00002G16w1MAB,005Kj00000Dy5eAIAR
00QKj00002G16syMAB,005Kj00000Dy5f0IAB
00QKj00002G16szMAB,005Kj00000D7vfMIAR
00QKj00002G16t0MAB,005Kj00000Dy5f2IAB
00QKj00002G16t1MAB,005Kj00000Dy5fsIAB
00QKj00002G16t2MAB,005Kj00000Dy5etIAB
00QKj00002G16t3MAB,005Kj00000Dy5foIAB
00QKj00002G16t4MAB,005Kj00000Dy5ftIAB
00QKj00002G16t5MAB,005Kj00000Dy5f3IAB
00QKj00002G16t6MAB,005Kj00000Dy5fbIAB
00QKj00002G16t7MAB,005Kj00000Dy5e4IAB
00QKj00002G16t8MAB,005Kj00000Dy5g7IAB
00QKj00002G16t9MAB,005Kj00000Dy5fqIAB
00QKj00002G16tAMAR,005Kj00000Dy5fuIAB
00QKj00002G16w2MAB,005Kj00000Dy5g6IAB
00QKj00002G16w3MAB,005Kj00000Dy5fvIAB
00QKj00002G16w4MAB,005Kj00000Dy5g3IAB
00QKj00002G16w5MAB,005Kj00000Dy5fwIAB
00QKj00002G16w6MAB,005Kj00000Dy5egIAB
00QKj00002G16w7MAB,005Kj00000Dy5fxIAB
00QKj00002G16w8MAB,005Kj00000Dy5g4IAB
00QKj00002G16w9MAB,005Kj00000Dy5f1IAB
00QKj00002G16wAMAR,005Kj00000Dy5g2IAB
00QKj00002G16wBMAR,005Kj00000Dy5fyIAB
00QKj00002G16wCMAR,005Kj00000Dy5frIAB
00QKj00002G16wDMAR,005Kj00000Dy5fzIAB
00QKj00002G16tBMAR,005Kj00000Dy5g0IAB
00QKj00002G16tCMAR,005Kj00000Dy5g1IAB
00QKj00002G16tDMAR,005Kj00000Dy5ewIAB
00QKj00002G16tEMAR,005Kj00000Dy5eDIAR
00QKj00002G16tFMAR,005Kj00000Dy5g5IAB
00QKj00002G16tGMAR,005Kj00000Dy5eAIAR
00QKj00002G16tHMAR,005Kj00000Dy5f0IAB
00QKj00002G16tIMAR,005Kj00000D7vfMIAR
00QKj00002G16tJMAR,005Kj00000Dy5f2IAB
00QKj00002G16tKMAR,005Kj00000Dy5fsIAB
00QKj00002G16tLMAR,005Kj00000Dy5etIAB
00QKj00002G16wEMAR,005Kj00000Dy5foIAB
00QKj00002G16wFMAR,005Kj00000Dy5ftIAB
00QKj00002G16wGMAR,005Kj00000Dy5f3IAB